word,pos,definition,translation,sources,priority
Abatis,n.m.,Terrain partiellement dessouché.,вырубка (частично раскорчёванный участок),"cameleon,exionnaire",high
Aboiteau,n. m.,Digue permettant la récupération des terres littorales pour la culture.,дамба (для осушения прибрежных земель),"exionnaire,oqlf,wiktionary",high
Abrier,vt.,Couvrir un enfant.,укрывать (ребёнка),"cameleon,exionnaire",high
Achalant,adj et n.,"Importun, ennuyeux.","надоедливый, назойливый","cameleon,exionnaire,wiktionary",high
Achaler,vt.,"Importuner, ennuyer.","надоедать, докучать","cameleon,exionnaire,wiktionary",high
Acéricole,adj.,Relatif à l'exploitation d'une érablière pour la production de sirop.,относящийся к производству кленового сиропа,"cameleon,wiktionary",high
Acétaminophène,n.m.,Paracétamol.,парацетамол,"cameleon,exionnaire",high
Adon,n.m.,"Coïncidence, hasard.","совпадение, случайность","cameleon,exionnaire",high
Affiant,n.,Personne qui fait une déclaration sous serment.,лицо дающее показания под присягой,"cameleon,exionnaire,wiktionary",high
Aidance,n.f.,Fait d'aider une personne dépendante.,помощь зависимому человеку,"cameleon,exionnaire",high
Allée,n. f.,"Voie de communication bordée de verdure dans un jardin, un parc.",аллея,"oqlf,wiktionary",high
Aluminerie,n. f.,Usine de production de l'aluminium.,алюминиевый завод,"exionnaire,oqlf",high
Amancher,vt.,"Tromper, duper.","обманывать, надувать","cameleon,exionnaire",high
Anovulant,adj et n.m.,Contraceptif.,противозачаточное средство,"cameleon,exionnaire,wiktionary",high
Aplomber,vt.,Mettre d'aplomb.,выравнивать,"cameleon,exionnaire,wiktionary",high
Aréna,n. m.; n.m.,Établissement où se trouve une piste de patinage.,крытый каток,"cameleon,exionnaire,oqlf",high
Ataca,n.m.,(Ou ATOCA) Baie de l'atocatier.,клюква,"cameleon,exionnaire",high
Attoquer,vt. fam.,"En Acadie, placer (une chose) contre une autre.",прислонять (акадийск.),"cameleon,exionnaire",high
Attriquer,v.pr.,S'attifer.,наряжаться,"cameleon,exionnaire,wiktionary",high
Autopatrouille,n.f.,Véhicule de police.,полицейский автомобиль,"cameleon,exionnaire",high
Avionnerie,n. f.; n.f.,Usine d'avions.,авиазавод,"cameleon,exionnaire,oqlf",high
Aérobique,n.m ou f.,(Ou AÉROBIC).,аэробика,"cameleon,exionnaire",high
Babiche,n.f.,Lanière de peau traitée à la manière amérindienne.,ремешок из сыромятной кожи,"cameleon,exionnaire,wiktionary",high
Babillard électronique,n. m.,Service informatisé d'échange d'information.,электронная доска объявлений (BBS),"oqlf,wiktionary",high
Baboune,n.f.,"Lèvre inférieure, moue.","губа, надутые губы","cameleon,exionnaire,wiktionary",high
Bac,n. m.,"Petit traversier à fond plat.",паром,"oqlf,wiktionary",high
Bagosse,n.f.,Alcool de mauvaise qualité fabriqué clandestinement.,самогон,"cameleon,exionnaire",high
Balado,1. n.m.; n. m.,Podcast.,подкаст,"cameleon,exionnaire,oqlf",high
Baladodiffusion,n. f.; n.f.,Podcasting.,подкастинг,"cameleon,oqlf",high
Balloune,n.f. fam.,(Ou BALOUNE) Petit ballon gonflable. - Éthylotest.,"воздушный шарик; алкотестер","cameleon,exionnaire,wiktionary",high
Bardasser,vt.,"(Ou BERDASSER) Bousculer, secouer.","трясти, толкать","cameleon,exionnaire,wiktionary",high
Barrure,n.f.,Verrou.,засов,"cameleon,exionnaire,wiktionary",high
Bassinette,n.f.,"Lit d'enfant, à barreaux.",детская кроватка,"cameleon,exionnaire,wiktionary",high
Batture,n.f.,Partie du rivage découverte à marée basse.,отмель (при отливе),"cameleon,exionnaire",high
Bavardoir,n.m.,Forum de discussion sur internet.,чат,"cameleon,exionnaire",high
Bazou,n.m.,Vieille automobile.,старая развалюха (машина),"cameleon,exionnaire,wiktionary",high
Bec,n.m.,Fam. Baiser.,поцелуй,"cameleon,wiktionary",high
Beigne,n.m.,Rondelle de pâte frite saupoudrée de sucre.,пончик,"cameleon,exionnaire",high
Beignerie,n. f.; n.f.,Fabrique de beignets.,пончиковая,"cameleon,oqlf",high
Bidou,n.m. fam.,"Billet de banque, argent.","деньги, бабки","cameleon,exionnaire,wiktionary",high
Binerie,n.f.,Établissement commercial de peu d'importance.,забегаловка,"cameleon,exionnaire,wiktionary",high
Bleuet,n.m.,Baie du bleuetier.,черника (голубика),"cameleon,exionnaire,wiktionary",high
Bleueterie,n.f.,Usine de conditionnement des bleuets.,черничная фабрика,"cameleon,exionnaire",high
Blonde,n.f.,Petite amie.,девушка (подруга),"cameleon,wiktionary",high
Bobettes,n.f.pl.,"Fam. Sous-vêtement.",трусы,"cameleon,wiktionary",high
Boire,n.m.,Tétée.,кормление (грудью),"cameleon,exionnaire,wiktionary",high
Boucane,n.f.,Fam. Fumée.,дым,"cameleon,wiktionary",high
Bouette,n.f.,Fam. Boue.,грязь,"cameleon,wiktionary",high
Bougonneux,adj.,Bougonneur.,ворчливый,"cameleon,exionnaire",high
Bougrine,n.f.,Veste doublée.,утеплённая куртка,"cameleon,exionnaire,wiktionary",high
Bourgot,n.m.,Escargot de mer.,морская улитка,"cameleon,exionnaire",high
Bourrasser,vt.,"Rudoyer, bousculer.","грубить, толкать","cameleon,exionnaire,wiktionary",high
Bouscueil,n.m.,Amoncellement chaotique de glaces.,торосы (нагромождение льда),"cameleon,exionnaire,wiktionary",high
Branleux,n. et adj.,Personne qui tergiverse.,нерешительный человек,"cameleon,exionnaire,wiktionary",high
Braoule,n.f. vx.,Grosse cuillère.,большая ложка (устар.),"cameleon,exionnaire,wiktionary",high
Breffage,n.m.,Briefing.,брифинг,"cameleon,exionnaire",high
Breffer,vt.,Briefer.,проводить брифинг,"cameleon,exionnaire",high
Bretteux,n. et adj.,Personne qui perd son temps.,бездельник,"cameleon,exionnaire",high
Broue,n.f.,"Mousse, écume.","пена, пузыри","cameleon,exionnaire,wiktionary",high
Brunante,n.f.,Crépuscule.,сумерки,"cameleon,exionnaire",high
Bébelle,n.f. fam.,Jouet. - Babiole.,"игрушка, безделушка","cameleon,exionnaire,wiktionary",high
Bébitte,n.f.,(Ou BÉBITE...).,букашка,"cameleon,exionnaire",high
Bécosses,n.f.pl.,Toilettes.,туалет (уличный),"cameleon,exionnaire",high
Cabaler,vt.,Tenter de gagner qqn à une cause.,агитировать,"cameleon,exionnaire",high
Caller,vt.,Diriger une danse folklorique en appelant les figures.,объявлять фигуры (в танце),"cameleon,exionnaire",high
Calleur,n.,Meneur de danses folkloriques.,ведущий народных танцев,"cameleon,exionnaire",high
Canotable,adj.,Propice au canotage.,пригодный для гребли,"cameleon,exionnaire",high
Canter,vt.,"Pencher, incliner un objet.","наклонять, кренить","cameleon,exionnaire",high
Carreauté,adj.,Se dit d'un tissu ou d'une étoffe à carreaux.,в клетку (о ткани),"cameleon,exionnaire,wiktionary",high
Cassot,n.m.,Petit cageot.,лоток (для ягод),"cameleon,exionnaire",high
Catalogne,n.f.,Étoffe tissée d'une façon artisanale.,домотканый коврик,"cameleon,exionnaire,wiktionary",high
Catiner,vt.,"Jouer à la poupée, dorloter.","играть в куклы, нянчить","cameleon,exionnaire",high
Caucus,n.m.,Réunion de stratégie des parlementaires d'un même parti.,закрытое совещание партии,"cameleon,exionnaire",high
Cenellier,n.m.,(Ou SENELLIER) Aubépine.,боярышник,"cameleon,exionnaire,wiktionary",high
Cenne,n.f.,Pièce de monnaie.,цент,"cameleon,exionnaire,wiktionary",high
Chalin,n.m.,Éclair de chaleur.,зарница,"cameleon,exionnaire",high
Chambranlant,adj.,Branlant.,шаткий,"cameleon,exionnaire",high
Chambranler,vi.,Chanceler.,шататься,"cameleon,exionnaire",high
Chambreur,n.,Locataire d'une chambre chez un particulier.,квартирант,"cameleon,exionnaire",high
Champleure,n.f.,(Ou CHAMPLURE) Robinet.,кран,"cameleon,exionnaire",high
Chaudasse,adj.,Qui est légèrement ivre.,подвыпивший,"cameleon,exionnaire,wiktionary",high
Chaudierée,n.f.,Contenu d'un seau.,ведро (содержимое),"cameleon,exionnaire",high
Chialage,n.m. fam.,"Jérémiade, critique.","нытьё, жалобы","cameleon,exionnaire,wiktionary",high
Chialeux,adj et n. fam.,Chialeur.,нытик,"cameleon,exionnaire,wiktionary",high
Chicane,n. f.,Mesure de modération de la circulation.,шикана (дорожное сужение),"oqlf,wiktionary",high
Chicouté,n.f.,"Plante, fruit des tourbières.",морошка,"cameleon,exionnaire",high
Chiro,n.m.,Chiropraticien.,хиропрактик,"cameleon,exionnaire,wiktionary",high
Chiropratique,n. f.; n.f.,Chiropraxie.,хиропрактика,"cameleon,exionnaire,oqlf",high
Chum,n.,"Ami, amoureux, conjoint.","друг, парень, бойфренд","cameleon,exionnaire,wiktionary",high
Chèrant,adj.,Qui vend trop cher.,дорогой (о продавце),"cameleon,wiktionary",high
Cinéparc,n.m.,Cinéma en plein air.,автокинотеатр,"cameleon,exionnaire,wiktionary",high
Cipaille,n.m.,Mélange de gibier et de pomme de terre.,мясной пирог (слоёный),"cameleon,exionnaire,wiktionary",high
Cisco,n. m.,(en: whitefish).,сиг,"oqlf,wiktionary",high
Clavarder,vi.,Dialoguer sur internet.,общаться в чате,"cameleon,exionnaire,wiktionary",high
Colletailler,v.pr.,Se chamailler.,препираться,"cameleon,exionnaire",high
Colleux,adj.,"Câlin, affectueux.",ласковый,"cameleon,exionnaire",high
Collégial,adj.,Qui se rapporte à l'enseignement dispensé dans les collèges.,относящийся к колледжу (cégep),"oqlf,wiktionary",high
Comité exécutif,n. m.,Réunion restreinte de personnes.,исполнительный комитет,"oqlf,wiktionary",high
Commune,n. f.,Terrain utilisé en commun pour le pâturage.,общинное пастбище,"oqlf,wiktionary",high
Compétitionner,vi.,Être en compétition.,конкурировать,"cameleon,exionnaire",high
Cométique,n.m.,Traîneau tiré par des chiens.,собачьи нарты,"cameleon,exionnaire",high
Condo,n.m.,Appartement dans un immeuble en copropriété.,кондоминиум,"cameleon,exionnaire",high
Conventum,n.m.,Réunion d'anciens élèves d'une même promotion.,встреча выпускников,"cameleon,exionnaire",high
Coqueron,n.m.,Fam. Logement exigu.,каморка,"cameleon,wiktionary",high
Coquetel,n.m.,Cocktail.,коктейль,"cameleon,exionnaire",high
Cossin,n.m.,Babiole.,безделушка,"cameleon,exionnaire,wiktionary",high
Couetté,adj.,Ébouriffé.,взъерошенный,"cameleon,exionnaire,wiktionary",high
Couraillage,n.m.,Action de courailler.,беготня,"cameleon,exionnaire",high
Courailleur,adj et n.,Qui couraille.,бегающий повсюду,"cameleon,exionnaire",high
Coussin,n. m.,Mesure de modération de la circulation en forme de bosse.,лежачий полицейский,"oqlf,wiktionary",high
Cramper,vt.,Braquer les roues d'une voiture.,выкручивать руль,"cameleon,exionnaire,wiktionary",high
Crapet,n.m.,Poisson d'eau douce au corps très coloré.,солнечная рыба,"cameleon,wiktionary",high
Croche,adj.,Courbe; crochu; malhonnête.,"кривой, нечестный","cameleon,wiktionary",high
Crochir,vt.,"Courber, tordre.","гнуть, искривлять","cameleon,exionnaire,wiktionary",high
Créditiste,n.,Partisan de la doctrine du crédit social.,кредитист (полит.),"cameleon,exionnaire",high
Cuirette,n.f.,Similicuir.,кожзам,"cameleon,exionnaire,wiktionary",high
Cédrière,n.f.,Lieu planté de cèdres.,кедровник,"cameleon,exionnaire,wiktionary",high
Cégep,n. m.; n.m.,Collège d'enseignement général et professionnel.,колледж (Квебек),"cameleon,oqlf,wiktionary",high
Cégépien,n.,Élève fréquentant un cégep.,студент колледжа,"cameleon,wiktionary",high
Denturologie,n.f.,Technique de la prothèse dentaire.,зубопротезирование,"cameleon,exionnaire",high
Denturologiste,n.,Prothésiste dentaire.,зубной техник,"cameleon,exionnaire",high
Diachylon,n.m.,Petit pansement adhésif.,пластырь,"cameleon,wiktionary",high
Disable,adj.,N'être pas disable : être indescriptible.,невероятный,"cameleon,exionnaire,wiktionary",high
Diététiste,n.; n. m. ou f.,Diététicien.,диетолог,"cameleon,oqlf",high
Douance,n. f.; n.f.,Qualité d'une personne douée.,одарённость,"cameleon,exionnaire,oqlf",high
Doubleur,n.,Redoublant.,второгодник,"cameleon,exionnaire",high
Draver,vt.,Transporter du bois par flottage.,сплавлять лес,"cameleon,exionnaire",high
Débarbouillette,n.f.,Pièce de tissu-éponge pour la toilette.,махровая салфетка (для умывания),"cameleon,exionnaire",high
Débossage,n.m.,Action de débosseler.,выправление вмятин,"cameleon,exionnaire",high
Débosser,vt.,Débosseler.,выправлять вмятины,"cameleon,exionnaire,wiktionary",high
Dégêner,vt.,Mettre à l'aise.,раскрепощать,"cameleon,exionnaire,wiktionary",high
Dépanneur,n. m.; n.m.,Petite épicerie de proximité.,магазин шаговой доступности,"cameleon,oqlf,wiktionary",high
Dépôt forestier,n. m.,Centre d'approvisionnement d'une exploitation forestière.,лесная база,"oqlf,wiktionary",high
Désennui,n.m.,Action de désennuyer. - Distraction.,развлечение,"cameleon,exionnaire",high
Dézoner,vt. pol.,Changer un territoire de zone.,менять зонирование,"cameleon,exionnaire",high
Efface,n.f.,Gomme à effacer.,ластик,"cameleon,wiktionary",high
Emboucaner,vt.,Enfumer.,коптить,"cameleon,exionnaire",high
Embouveter,vt.,Assembler des pièces de bois.,соединять в паз,"cameleon,exionnaire",high
Embâcler,vt.,Embarrasser.,загромождать,"cameleon,exionnaire,wiktionary",high
Emmieuter,vt.,"Rendre meilleur.",улучшать,"cameleon,exionnaire",high
Empilade,n.f. sp.,Entassement pêle-mêle.,куча,"cameleon,exionnaire",high
Encalmer,v.pr. mar.,S'immobiliser par manque de vent.,штилеть,"cameleon,exionnaire",high
Encanter,vt.,Vendre aux enchères.,продавать с аукциона,"cameleon,exionnaire,wiktionary",high
Encanteur,n.,Commissaire-priseur.,аукционист,"cameleon,exionnaire",high
Endisquer,vt.,Enregistrer sur un disque.,записывать на диск,"cameleon,exionnaire",high
Endormitoire,n.f.,Envie de dormir.,сонливость,"cameleon,exionnaire",high
Enfarger,vt.,Faire trébucher.,подставлять подножку,"cameleon,exionnaire,wiktionary",high
Enfirouaper,vt.,"Emberlificoter, tromper.",обманывать,"cameleon,exionnaire,wiktionary",high
Extrant,n. m.; n.m. inf.,Donnée en sortie.,выходные данные,"cameleon,exionnaire,oqlf",high
Fardoches,n.f.pl.,Broussailles.,кустарник,"cameleon,exionnaire",high
Farlouche,n.f.,(Ou FERLOUCHE) Garniture pour tarte.,начинка для пирога (из изюма),"cameleon,exionnaire,wiktionary",high
Fifi,n.m.,Homosexuel.,гей (пренебр.),"cameleon,exionnaire,wiktionary",high
Flotte,n. f.,Ensemble de navires ou d'aéronefs.,флот,"oqlf,wiktionary",high
Flânage,n.m.,Flânerie.,праздношатание,"cameleon,exionnaire,wiktionary",high
Fort,n. m.,Ouvrage de fortification.,форт,"oqlf,wiktionary",high
Francisme,n.m.,Tournure propre au français de France.,франсизм (галлицизм из Франции),"cameleon,exionnaire",high
Frimasser,vt.,Produire du givre.,покрываться инеем,"cameleon,wiktionary",high
Fudge,n.m.,Confiserie fondante aromatisée au chocolat.,фадж (помадка),"cameleon,wiktionary",high
Gadelier,n.m.,(Ou GADELLIER) Arbuste qui produit des gadelles.,смородина (куст),"cameleon,wiktionary",high
Gadelle,n.f.,Groseille.,смородина (ягода),"cameleon,wiktionary",high
Garnotte,n.f.,Gravier.,гравий,"cameleon,wiktionary",high
Garrocher,vt.,Lancer.,бросать,"cameleon,wiktionary",high
Gaspareau,n. m.; n.m.,Petit poisson marin d'Amérique du Nord.,алоза,"cameleon,oqlf",high
Glaciel,adj et n.m.; adj.; n. m.,Relatif aux glaces flottantes.,относящийся к плавучим льдам,"cameleon,oqlf",high
Godendart,n.m.,Grosse scie.,двуручная пила,"cameleon,wiktionary",high
Gorgoton,n.m.,Gosier.,глотка,"cameleon,wiktionary",high
Gosser,vt.,Travailler le bois avec un couteau.,строгать ножом,"cameleon,wiktionary",high
Grignotine,n.f.,Amuse-gueule salé.,снэки,"cameleon,wiktionary",high
Gripette,n.m.,Enfant coléreux.,капризный ребёнок,"cameleon,wiktionary",high
Guidoune,n.f.,"Femme facile, prostituée.",проститутка,"cameleon,wiktionary",high
Guignolée,n.f.,Quête effectuée pendant les fêtes.,рождественский сбор пожертвований,"cameleon,wiktionary",high
Guédille,n.f.,Hotdog garni de salade.,хот-дог с салатом,"cameleon,wiktionary",high
Infolettre,n. f.; n.f.,(Ou NEWSLETTER).,рассылка,"cameleon,oqlf",high
Inhalothérapie,n.f.,Traitement des fonctions cardio-respiratoires.,ингаляционная терапия,"cameleon,wiktionary",high
Initialer,vt.,Parapher.,парафировать,"cameleon,wiktionary",high
Intrant,n. m.; n.m. inf.,Donnée en entrée.,входные данные,"cameleon,oqlf",high
Jarnigoine,n.f.,Intelligence.,смекалка,"cameleon,wiktionary",high
Jasant,adj.,Qui aime jaser.,болтливый,"cameleon,wiktionary",high
Jasette,n.f.,Causerie informelle.,болтовня,"cameleon,wiktionary",high
Joual,n.m et adj.,Argot franco-anglais parlé au Québec.,жуаль (квебекский диалект),"cameleon,wiktionary",high
Joujouthèque,n.f.,Ludothèque.,игротека,"cameleon,wiktionary",high
Jubilaire,n.,Personne qui fête un jubilé.,юбиляр,"cameleon,wiktionary",high
Kayakable,adj.,Où l'on peut faire du kayak.,пригодный для каякинга,"cameleon,wiktionary",high
Laveuse,n.f.,Lave-linge.,стиральная машина,"cameleon,wiktionary",high
Lettreur,n.,Graphiste spécialisé dans l'écriture des enseignes.,художник-шрифтовик,"cameleon,wiktionary",high
Lousse,adj.,"Non serré, lâche.",свободный (не тугой),"cameleon,wiktionary",high
Lyrer,vi.,Pleurnicher longtemps sur le même ton.,ныть,"cameleon,wiktionary",high
Maganer,vt.,"User, détériorer.","портить, изнашивать","cameleon,wiktionary",high
Magané,adj.,Fam. Détérioré; fatigué.,"потрёпанный, уставший","cameleon,wiktionary",high
Magasiner,vt.,Acheter en visitant plusieurs magasins.,ходить по магазинам,"cameleon,wiktionary",high
Marigane noire,n. f.,(en: black crappie).,чёрный краппи (рыба),"oqlf,wiktionary",high
Mercerie,n. f.,Établissement où s'effectue le commerce de la mercerie.,галантерея,"oqlf,wiktionary",high
Microbrasserie,n.f.,Brasserie artisanale.,крафтовая пивоварня,"cameleon,wiktionary",high
Millage,n.m.,Distance en milles.,пробег (в милях),"cameleon,wiktionary",high
Minoucher,vt.,Caresser.,ласкать,"cameleon,wiktionary",high
Minoune,n.f.,Vieille voiture.,старая машина,"cameleon,wiktionary",high
Mordée,n.f.,"Bouchée, morsure.",укус,"cameleon,wiktionary",high
Motomarine,n. f.; n.f.,Scooter des mers.,гидроцикл,"cameleon,oqlf",high
Motton,n.m.,Grumeau.,комок,"cameleon,wiktionary",high
Municipalité régionale de comté,n. f.,Territoire regroupant des municipalités.,региональный муниципалитет,"oqlf,wiktionary",high
Mémérer,vi.,Bavarder.,сплетничать,"cameleon,wiktionary",high
Mésadapté,n. et adj.,Personne présentant des difficultés d'adaptation.,дезадаптированный,"cameleon,wiktionary",high
Nanane,n.m.,(= NANANNE) Bonbon.,конфетка,"cameleon,wiktionary",high
Niaisage,n.m.,"Perte de temps, flânerie.",бездельничанье,"cameleon,wiktionary",high
Niaiser,vt.,Ridiculiser. - Faire l'idiot.,"дразнить, валять дурака","cameleon,wiktionary",high
Niaiseux,adj et n.,"Niais, sot.","глупый, дурак","cameleon,wiktionary",high
Nordicité,n. f.; n.f.,Caractère nordique d'un lieu.,северность,"cameleon,oqlf",high
Oka,n.m.,Fromage québécois à pâte ferme.,сыр Ока,"cameleon,wiktionary",high
Parlable,adj.,Personne d'un abord facile.,контактный (о человеке),"cameleon,wiktionary",high
Patenter,vt.,Fam. Réparer sommairement; bricoler.,мастерить,"cameleon,wiktionary",high
Patenteux,adj et n.,Se dit d'un bricoleur ingénieux.,умелец,"cameleon,wiktionary",high
Patroneux,n.,Personne qui pratique le patronage.,покровитель (полит.),"cameleon,wiktionary",high
Pembina,n.m.,(Ou PIMBINA) Fruit de l'obier.,калина,"cameleon,wiktionary",high
Perchaude,n. f.; n.f.,Perche d'eau douce.,жёлтый окунь,"cameleon,oqlf",high
Physiatre,n.; n. m. ou f.,Médecin traitant les troubles locomoteurs.,физиатр,"cameleon,oqlf",high
Physiatrie,n. f.; n.f.,Branche de la médecine qui traite les troubles de l'appareil locomoteur.,физиатрия,"cameleon,oqlf",high
Piastre,n.f.,Billet de un dollar.,доллар,"cameleon,wiktionary",high
Pichenotte,n.f.,Pichenette.,щелчок,"cameleon,wiktionary",high
Pichou,n.m.,Mocassin.,мокасин,"cameleon,wiktionary",high
Picosser,vt.,Picorer.,клевать,"cameleon,wiktionary",high
Picouille,n.f.,"Cheval maigre, haridelle.",кляча,"cameleon,wiktionary",high
Pinotte,n.f. fam.,Peanut.,арахис,"cameleon,wiktionary",high
Piquerie,n.f.,Lieu où l'on se drogue.,притон,"cameleon,wiktionary",high
Pitonner,vt.,Zapper.,переключать каналы,"cameleon,wiktionary",high
Pitou,n.m.,Chien. - Terme affectueux.,"собачка, милый","cameleon,wiktionary",high
Placoter,vt.,Raconter.,болтать,"cameleon,wiktionary",high
Plugiciel,n. m.; n.m. inf.,Logiciel qui associe de nouvelles fonctions à une application.,плагин,"cameleon,oqlf,wiktionary",high
Podiatre,n.; n. m. ou f.,Pédicure.,подиатр,"cameleon,oqlf",high
Podiatrie,n. f.; n.f.,Branche de la médecine qui étudie et traite les affections du pied.,подиатрия,"cameleon,oqlf",high
Podiatrique,adj.,Relatif à la podiatrie.,подиатрический,"cameleon,oqlf",high
Pogner,vt. fam.,Attraper.,хватать,"cameleon,wiktionary",high
Polyvalente,n.f.,École secondaire publique.,общеобразовательная школа,"cameleon,wiktionary",high
Poquer,vt.,"Marquer de coups, meurtrir.",бить (оставлять синяки),"cameleon,wiktionary",high
Portager,vt.,Porter une embarcation là où on ne peut naviguer.,переносить лодку (волок),"cameleon,wiktionary",high
Poulamon,n. m.; n.m.,Petit poisson des chenaux.,атлантический томкод,"cameleon,oqlf",high
Pourvoirie,n. f.; n.f.,Entreprise au service des chasseurs et des pêcheurs.,охотничье-рыболовная база,"cameleon,oqlf,wiktionary",high
Poutine,n.f.,Frites au fromage.,путин (картофель фри с сыром),"cameleon,wiktionary",high
Pépine,n.f.,Excavatrice.,экскаватор,"cameleon,wiktionary",high
Péquiste,adj et n.,Membre du parti québécois.,член Квебекской партии,"cameleon,wiktionary",high
Quilleur,n.,Joueur de quilles.,игрок в боулинг,"cameleon,wiktionary",high
Quétaine,adj.,De mauvais goût.,безвкусный,"cameleon,wiktionary",high
Quétainerie,n.f.,Action quétaine.,безвкусица,"cameleon,wiktionary",high
Quêteux,adj et n.,Mendiant.,попрошайка,"cameleon,wiktionary",high
Rabaska,n.m.,Grand canot d'écorce.,большое каноэ,"cameleon,wiktionary",high
Rabiole,n.f.,Variété de navet blanc.,репа (белая),"cameleon,wiktionary",high
Raboudiner,vt. fam.,Rafistoler.,чинить кое-как,"cameleon,wiktionary",high
Ramancheur,n.,"Guérisseur, rebouteux.",костоправ,"cameleon,wiktionary",high
Rapailler,vt. fam.,Rassembler des objets épars.,собирать (разбросанное),"cameleon,wiktionary",high
Raplomber,v.pr.,Retrouver son équilibre.,восстанавливать равновесие,"cameleon,wiktionary",high
Recherchiste,n.,Documentaliste.,исследователь (на ТВ),"cameleon,wiktionary",high
Reculon,n.m.,Pellicule qui se détache de la peau autour des ongles.,заусенец,"cameleon,wiktionary",high
Registraire,n.; n. m. ou f.,Employé administratif dans un établissement d'enseignement.,регистратор,"cameleon,oqlf",high
Relationniste,n.,Spécialiste des relations publiques.,специалист по связям с общественностью,"cameleon,wiktionary",high
Rembourreur,n. m.,Personne qui effectue les tâches de rembourrage.,обивщик мебели,"oqlf,wiktionary",high
Renforcir,vt. fam.,Fortifier.,укреплять,"cameleon,wiktionary",high
Renipper,vt.,Embellir.,обновлять,"cameleon,wiktionary",high
Retiger,vi.,Produire de nouvelles tiges.,давать новые побеги,"cameleon,wiktionary",high
Retontir,vi.,Réapparaître - Rebondir.,появляться снова,"cameleon,wiktionary",high
Revirer,vt.,Retourner.,переворачивать,"cameleon,wiktionary",high
Robine,n.f.,Alcool dénaturé.,денатурат,"cameleon,wiktionary",high
Robineux,n.,Clochard qui boit de la robine.,бомж-алкоголик,"cameleon,wiktionary",high
Ruelle,n. f.,Voie de communication étroite.,переулок,"oqlf,wiktionary",high
Région,n. f.,Territoire relativement étendu possédant des caractères particuliers.,регион,"oqlf,wiktionary",high
Région administrative,n. f.,Division territoriale servant de cadre à l'activité des ministères.,административный регион,"oqlf,wiktionary",high
Réusinage,n. m.,Opération qui consiste à retravailler le code source d'un logiciel.,рефакторинг,"oqlf,wiktionary",high
Sacre,n.m.,"Blasphème, juron issu du vocabulaire religieux.",ругательство (религ.),"cameleon,wiktionary",high
Sacrer,vi.,Blasphémer.,ругаться,"cameleon,wiktionary",high
Saucette,n.f.,Baignade rapide.,быстрое купание,"cameleon,wiktionary",high
Sentier,n. m.,Voie de communication étroite non carrossable.,тропа,"oqlf,wiktionary",high
Session,n. f.,Période au cours de laquelle ont lieu des activités de formation.,сессия,"oqlf,wiktionary",high
Siffleux,n.m.,Marmotte.,сурок,"cameleon,wiktionary",high
Solage,n.m.,"Fondations, assise d'une maison.",фундамент,"cameleon,wiktionary",high
Songé,adj. fam.,"Réfléchi, intelligent.","продуманный, умный","cameleon,wiktionary",high
Soupane,n.f.,Bouillie de farine d'avoine.,овсяная каша,"cameleon,wiktionary",high
Sparage,n.f. fam.,Gesticulation ridicule.,кривляние,"cameleon,wiktionary",high
Séraphin,adj.,Avare.,скряга,"cameleon,wiktionary",high
Tapocher,vt.,Frapper.,бить,"cameleon,wiktionary",high
Taponner,vt.,"Manipuler, palper.",мять,"cameleon,wiktionary",high
Tataouiner,vi. fam.,Tergiverser.,мешкать,"cameleon,wiktionary",high
Tire,n.f.,Friandise faite d'une pâte de sucre.,тянучка (конфета),"cameleon,wiktionary",high
Tocson,adj et n.,"Têtu, rude.",упрямец,"cameleon,wiktionary",high
Touladi,n. m.; n.m.,Grande truite d'eau douce.,озёрная форель,"cameleon,oqlf",high
Toutou,n.m.,Animal en peluche.,плюшевая игрушка,"cameleon,wiktionary",high
Trappage,n.m.,Piégeage d'animaux sauvages.,охота с капканами,"cameleon,wiktionary",high
Traversier,n. m.; n.m.,Bac.,паром,"cameleon,oqlf",high
Traînerie,n.f.,Objet laissé à la traîne.,разбросанные вещи,"cameleon,wiktionary",high
Traîneux,adj et n.,Traînard.,копуша,"cameleon,wiktionary",high
Trempette,n.f.,Sauce assaisonnée dans laquelle on trempe des crudités.,соус для макания,"cameleon,wiktionary",high
Tricoler,vi.,"En Acadie, tituber.",шататься (акадийск.),"cameleon,wiktionary",high
Turluter,vt.,Chantonner.,напевать,"cameleon,wiktionary",high
Téléavertisseur,n. m.; n.m.,Appareil de radiomessagerie.,пейджер,"cameleon,oqlf",high
Téteux,adj et n. fam.,Flatteur.,подлиза,"cameleon,wiktionary",high
Urgentologue,n.,Urgentiste.,врач скорой помощи,"cameleon,wiktionary",high
Virailler,vi.,Tourner en tous sens.,крутиться,"cameleon,wiktionary",high
Vivoir,n.m.,Salle de séjour.,гостиная,"cameleon,wiktionary",high
Vlimeux,adj et n. fam.,Espiègle.,озорной,"cameleon,wiktionary",high
Zec,n.f.,Zone de chasse et de pêche contrôlée par l'État.,охотничья зона,"cameleon,wiktionary",high
Zigonner,vi. fam.,Hésiter.,мешкать,"cameleon,wiktionary",high
Écartiller,vt.,Écarter (des parties du corps).,растопыривать,"cameleon,exionnaire",high
Écharogner,vt.,Couper maladroitement.,кромсать,"cameleon,exionnaire",high
Échiffer,vt.,Effilocher.,растрёпывать,"cameleon,exionnaire,wiktionary",high
Écourticher,vt.,Couper un vêtement trop court.,укорачивать,"cameleon,exionnaire",high
Écrapoutir,vt.,Écraser.,расплющивать,"cameleon,exionnaire",high
Épeurant,adj.,Qui fait peur.,страшный,"cameleon,exionnaire,wiktionary",high
Épeurer,vt.,Faire peur à quelqu'un; effrayer.,пугать,"cameleon,wiktionary",high
Épinette,n.f.,Épicéa.,ель,"cameleon,exionnaire",high
Épivarder,vt.,"S'agiter, faire le fou.",дурачиться,"cameleon,exionnaire,wiktionary",high
Étriver,vt.,Taquiner.,дразнить,"cameleon,exionnaire",high
Évacher,v.pr. fam.,S'affaler. - S'avachir.,разваливаться,"cameleon,exionnaire,wiktionary",high
Abitibien,adj.,De l'Abitibi.,абитибийский,cameleon,medium
Acadien,adj. et n.m.,D'Acadie.,акадийский,cameleon,medium
Accise,n.f.,Impôt indirect.,акциз,cameleon,medium
Achigan,n.m.,Black-bass (poisson).,чёрный окунь,cameleon,medium
"Acériculteur, Trice",n.,Personne qui exploite une érablière.,производитель кленового сиропа,cameleon,medium
Agressant,adj.,Stressant.,раздражающий,cameleon,medium
Almatois,adj.,D'Alma.,из Альмы,cameleon,medium
Amateure,adj.,Féminin d'amateur.,любительница,cameleon,medium
Applet,n.m. inf.,(Ou APPELETTE) Petit programme interactif.,апплет,cameleon,medium
Assermentation,n.f.,Prestation de serment.,присяга,cameleon,medium
Assesseure,n.f.,Féminin de assesseur.,заседательница,cameleon,medium
Attiner,vt. fam.,"En Acadie, taquiner.",дразнить (акадийск.),cameleon,medium
Autocueillette,n.f.,Cueillette pratiquée par le consommateur.,самосбор,cameleon,medium
Avironner,vi.,Pagayer.,грести,cameleon,medium
Babillard,n.m.,Tableau d'affichage.,доска объявлений,cameleon,medium
Berçant,adj et n.f.,Fauteuil à bascule.,кресло-качалка,cameleon,medium
Bicycle,n.m.,Fam. Bicyclette; motocyclette.,велосипед,cameleon,medium
Blanchon,n.m.,Petit du phoque.,бельёк (детёныш тюленя),cameleon,medium
Boisbriannais,adj.,De Boisbriand.,из Буабриана,cameleon,medium
Brayon,n.m.,"En Acadie, chiffon.",тряпка (акадийск.),cameleon,medium
Brossardois,adj.,De Brossard.,из Броссара,cameleon,medium
Brûlement,n.m.,Sensation de forte chaleur ou d'irritation.,жжение,cameleon,medium
Bâsir,vt.,"En Acadie, disparaître, cacher.",прятать (акадийск.),cameleon,medium
Bébite,n.f.,"(Ou BIBITE, BIBITTE) Insecte.",насекомое,cameleon,medium
Cajun,adj et n.m.,Relatif aux Cajuns.,каджунский,cameleon,medium
Camelot,n.,Personne qui distribue les journaux à domicile.,разносчик газет,cameleon,medium
Caquiste,adj. et n.,(Membre) de la Coalition Avenir Québec (CAQ).,член партии CAQ,cameleon,medium
Censeure,n.f.,Féminin de censeur.,цензорша,cameleon,medium
Charlevoisien,adj.,De Charlevoix.,из Шарлевуа,cameleon,medium
Chibougamois,adj.,De Chibougamau.,из Шибугамо,cameleon,medium
Chicoutimien,adj.,De Chicoutimi.,из Шикутими,cameleon,medium
Chocolatine,n.f.,Pain au chocolat.,шоколадный круассан,cameleon,medium
Chopine,n.f.,Mesure de capacité.,пинта,cameleon,medium
Commentariat,n.m.,Ensemble des personnes qui analysent l'actualité.,комментаторы,cameleon,medium
Copossesseur,n.,Féminin de copossesseur.,совладелец,cameleon,medium
Copossesseure,n.f.,Féminin de copossesseur.,совладелица,cameleon,medium
Coquerelle,n.f.,Blatte.,таракан,cameleon,medium
Courriel,n.m.,Mot-valise de courrier électronique.,электронная почта,cameleon,medium
Cretons,n.m.pl.,Charcuterie de viande de porc hachée.,кретоны (паштет),cameleon,medium
Croustille,n.f.,Chips.,чипсы,cameleon,medium
Divulgâcher,vt.,Spoiler.,спойлерить,cameleon,medium
Drave,n.f.,Flottage du bois.,сплав леса,cameleon,medium
Draveur,n.,Ouvrier qui fait la drave.,сплавщик,cameleon,medium
Drummondvillois,adj.,De Drummondville.,из Драммондвиля,cameleon,medium
Débenture,n.f. fin.,Obligation non garantie.,облигация,cameleon,medium
Débosseleur,n.,"Carrossier, tôlier.",рихтовщик,cameleon,medium
Décrocheur,n.,Élève qui abandonne ses études.,бросивший учёбу,cameleon,medium
Déniaiser,vt.,Rendre moins niais.,просвещать,cameleon,medium
Déparler,vi.,Parler inconsidérément.,нести чушь,cameleon,medium
Dépendamment,adv.,Selon.,в зависимости от,cameleon,medium
Désâmer,v.pr.,Se donner beaucoup de mal.,выбиваться из сил,cameleon,medium
Dévierger,vt. fam.,Déflorer.,лишать невинности,cameleon,medium
Embourrer,vt et v.pr.,Envelopper; s'envelopper.,закутывать(ся),cameleon,medium
Ennuyant,adj.,Ennuyeux.,скучный,cameleon,medium
Estrien,adj.,De l'Estrie.,из Эстри,cameleon,medium
Eustachois,adj.,De Saint-Eustache.,из Сент-Эсташа,cameleon,medium
Falle,n.f.,Avoir la falle basse : avoir grand-faim.,быть голодным,cameleon,medium
Fidéen,adj.,De Sainte-Foy.,из Сент-Фуа,cameleon,medium
Flanelette,n.f.,Finette.,фланель,cameleon,medium
Forçail,loc.,Au forçail : à la rigueur.,в крайнем случае,cameleon,medium
Francophoniser,vt.,Amener à employer plus de francophones.,франкофонизировать,cameleon,medium
Frasil,n.m.,Pellicule de glace qui se forme sur l'eau.,шуга (ледяная каша),cameleon,medium
"Fret, Frette",adj.,Fam. Froid; très froid.,холодный,cameleon,medium
Frolic,n.m.,"En Acadie, grande fête populaire.",праздник (акадийск.),cameleon,medium
Fruitages,n.m.pl.,Petits fruits comestibles qui poussent à l'état sauvage.,дикие ягоды,cameleon,medium
Frédéric,n.m.,Bruant à gorge blanche.,белогорлый овсянка,cameleon,medium
Félix,n.m.,Récompense musicale.,Феликс (муз. премия),cameleon,medium
Galipote,n.f.,Courir la galipote : chercher des aventures galantes.,искать приключений,cameleon,medium
Gaspésien,adj.,De la Gaspésie.,гаспезийский,cameleon,medium
Gatinois,adj.,De Gatineau.,из Гатино,cameleon,medium
Gazou,n.m.,Instrument de musique folklorique.,казу,cameleon,medium
Giguer,vt.,Exécuter une danse comme une gigue.,танцевать джигу,cameleon,medium
Godé,adj.,"Vêtement, jupe à godets.",годе (о юбке),cameleon,medium
Gougoune,n.f.,Tong.,вьетнамки,cameleon,medium
Gourgane,n.f.,Fève des marais.,бобы,cameleon,medium
Grafigner,vt.,Égratigner.,царапать,cameleon,medium
Granbyen,adj.,De Granby.,из Гранби,cameleon,medium
Gribiche,n.f.,Femme acariâtre.,стерва,cameleon,medium
Grilladerie,n.f.,Rôtisserie.,гриль-бар,cameleon,medium
Guenillou,n.m.,Personne mal habillée.,оборванец,cameleon,medium
Habit,n.m.,Habit de neige : vêtement d'extérieur pour enfants.,зимний комбинезон,cameleon,medium
Hameçonnage,n.m.,Technique de fraude par courriel.,фишинг,cameleon,medium
Hivernement,n.m.,Action d'hiverner.,зимовка,cameleon,medium
Huard,n.m. zool.,(Ou HUART) Plongeon arctique.,гагара,cameleon,medium
Hullois,adj.,De Hull.,из Халла,cameleon,medium
Humidex,n.m et adj.,Indice météorologique (chaleur-humidité).,индекс влажности,cameleon,medium
Hydrangée,n.f.,(Ou HYDRANGÉA).,гортензия,cameleon,medium
Icitte,adv. fam.,Ici.,здесь,cameleon,medium
"Idéateur, Trice",1. n.,Concepteur.,генератор идей,cameleon,medium
Innu,adj.,D'un peuple amérindien.,инну (народ),cameleon,medium
"Intermodal, E, Aux",adj.,Relatif à plusieurs modes de transport.,интермодальный,cameleon,medium
Ivressomètre,n.m.,Éthylotest.,алкотестер,cameleon,medium
Jaser,vt.,Raconter.,болтать,cameleon,medium
Jeannois,adj.,Du Lac-Saint-Jean.,из Лак-Сен-Жана,cameleon,medium
Jello,n.m.,Gelée à saveur de fruits.,желе,cameleon,medium
Johannais,adj.,De Saint-Jean-sur-Richelieu.,из Сен-Жан-сюр-Ришельё,cameleon,medium
Joliettain,adj.,De Joliette.,из Жольетта,cameleon,medium
Jérômien,adj.,De Saint-Jérôme.,из Сен-Жерома,cameleon,medium
Kiosque,n.m.,Stand dans une exposition.,киоск (стенд),cameleon,medium
Lanaudois,adj.,De Lanaudière.,из Ланодьера,cameleon,medium
Longueuillois,adj.,De Longueuil.,из Лонгёя,cameleon,medium
Léotard,n.m.,Maillot de danse.,трико,cameleon,medium
Lévisien,adj.,De Lévis.,из Леви,cameleon,medium
Madelinot,adj.,Des îles de la Madeleine.,с островов Мадлен,cameleon,medium
Magasineur,n.,Personne qui magasine.,покупатель,cameleon,medium
Magogois,adj.,De Magog.,из Магога,cameleon,medium
Malendurant,adj.,Impatient.,нетерпеливый,cameleon,medium
Malengueulé,adj et n. fam.,Malappris.,грубиян,cameleon,medium
Malin,adj et n.,Méchant; coléreux.,"злой, вспыльчивый",cameleon,medium
Malpropre,adj et n.,Qui manque de propreté; obscène.,грязный; непристойный,cameleon,medium
Malpèque,n.f.,Variété d'huîtres.,устрицы Малпек,cameleon,medium
Marchette,n.f.,Siège roulant pour bébés.,ходунки,cameleon,medium
Maskinongé,n.m.,Brochet.,маскинонг (щука),cameleon,medium
Maskoutain,adj.,De Saint-Hyacinthe.,из Сент-Гиацинта,cameleon,medium
Massothérapeute,n.,Professionnel exerçant la massothérapie.,массажист,cameleon,medium
Massothérapie,n.f.,Traitements utilisant le massage.,массажная терапия,cameleon,medium
Menterie,n.f.,Mensonge.,враньё,cameleon,medium
Mentor,n.,Personne expérimentée qui aide un débutant.,наставник,cameleon,medium
Mentorat,n.m.,Aide apportée par un mentor.,наставничество,cameleon,medium
Mentoré,n.,Personne qui bénéficie de l'aide d'un mentor.,подопечный,cameleon,medium
Mitan,n.m.,Milieu; centre.,середина,cameleon,medium
Montagnais,adj.,D'un peuple amérindien.,монтанье (народ),cameleon,medium
Montréalais,adj.,De Montréal.,монреальский,cameleon,medium
Montérégien,adj.,De la Montérégie.,из Монтережи,cameleon,medium
"Motivateur, Trice",adj et n.,Qui motive.,мотиватор,cameleon,medium
Motoneige,n.f.,Petit véhicule à chenilles.,снегоход,cameleon,medium
Mousser,vt.,Promouvoir.,продвигать,cameleon,medium
Mêlant,adj.,Qui embrouille.,запутанный,cameleon,medium
Nananne,n.m.,(= NANANE) Bonbon.,конфетка,cameleon,medium
Narcomane,n.,Toxicomane.,наркоман,cameleon,medium
Naskapi,adj.,D'un peuple amérindien.,наскапи (народ),cameleon,medium
Nolisé,adj.,Affrété; loué.,чартерный,cameleon,medium
"Nono, Nonote",adj et n. fam.,"Niais, imbécile.",дурачок,cameleon,medium
Nouc,n.m.,"(Ou NOUCLE) En Acadie, noeud.",узел (акадийск.),cameleon,medium
Nounoune,adj et n.f. fam.,Un peu niais.,глуповатый,cameleon,medium
Nunavimiuq,adj.,Du Nunavik.,из Нунавика,cameleon,medium
Obstineur,adj et n.,Qui s'obstine.,упрямец,cameleon,medium
Orthopédagogie,n.f.,Méthodes pédagogiques pour élèves en difficulté.,коррекционная педагогика,cameleon,medium
Ouache,interj.,Exprime le dégoût.,фу!,cameleon,medium
Ouananiche,n.f.,Saumon d'eau douce.,пресноводный лосось,cameleon,medium
Ouch,interj.,Exprime la douleur.,ой!,cameleon,medium
Pantoute,adv. fam.,Pas du tout.,совсем нет,cameleon,medium
Paravoile,n.m. ou f.,Parachutisme ascensionnel nautique.,парасейлинг,cameleon,medium
Parcomètre,n.m.,Parcmètre.,паркомат,cameleon,medium
Parlure,n.f.,Façon de s'exprimer propre à quelqu'un.,говор,cameleon,medium
Pasteure,n.f.,Féminin de pasteur.,пасторша,cameleon,medium
Patarafe,n.f.,"Affront, injure.",оскорбление,cameleon,medium
Peignure,n.f.,Coiffure.,причёска,cameleon,medium
Pepperoni,n.m.,Saucisson épicé.,пепперони,cameleon,medium
Pigouiller,vt.,"En Acadie, tisonner.",ворошить угли (акадийск.),cameleon,medium
Piqueteur,n.,Personne qui participe à un piquet de grève.,пикетчик,cameleon,medium
Pitonneux,n.,Zappeur.,любитель переключать каналы,cameleon,medium
Placotage,n.m.,Fam. Action de placoter; bavardage.,болтовня,cameleon,medium
Plaignard,adj et n.,Geignard.,нытик,cameleon,medium
Planchodrome,n.m.,Skatepark.,скейт-парк,cameleon,medium
Plaquebière,n.f.,"Ronce, petit mûrier.",морошка,cameleon,medium
Podorythmie,n.f.,Art de produire un rythme avec ses pieds.,степ,cameleon,medium
Poigner,vt.,Saisir.,хватать,cameleon,medium
Pommetier,n.m.,(= POMMETTIER) Pommier de petite taille.,декоративная яблоня,cameleon,medium
Pommettier,n.m.,(= POMMETIER) Pommier de petite taille.,декоративная яблоня,cameleon,medium
Possesseure,n.f.,Féminin de possesseur.,владелица,cameleon,medium
Poucer,vi.,Faire de l'autostop.,ловить попутку,cameleon,medium
Pouceur,n.,Autostoppeur.,автостопщик,cameleon,medium
Pourriel,n.m. inf.,Courriel publicitaire non sollicité.,спам,cameleon,medium
Procureur,n.,Avocat représentant quelqu'un en justice.,прокурор,cameleon,medium
Prusse,n.m.,"En Acadie, épicéa.",ель (акадийск.),cameleon,medium
Précurseure,adj.f et n.f.,Féminin de précurseur.,предшественница,cameleon,medium
Prédécesseure,n.f.,Féminin de prédécesseur.,предшественница,cameleon,medium
Présentement,adv.,Maintenant; à présent.,сейчас,cameleon,medium
Publiciel,n.m. inf.,Logiciel public.,бесплатное ПО,cameleon,medium
Quahog,n.m. zool.,Clam.,моллюск,cameleon,medium
Québéciser,vt.,Doter d'une identité québécoise.,квебекизировать,cameleon,medium
"Raccompagnateur, Trice",n.,Personne qui reconduit qqn à son domicile.,провожающий,cameleon,medium
Raccompagnement,n.m.,Action de reconduire quelqu'un à son domicile.,сопровождение,cameleon,medium
Radioroman,n.m.,Feuilleton radiophonique.,радиосериал,cameleon,medium
Rafaler,vt.,Souffler en rafales.,дуть порывами,cameleon,medium
Ramancher,vt. fam.,Rafistoler.,чинить,cameleon,medium
Ratoureur,adj et n. fam.,"Rusé, malin.",хитрец,cameleon,medium
Recevant,adj.,"Accueilllant, hospitalier.",гостеприимный,cameleon,medium
Relish,n.f.,Condiment aux cornichons.,релиш,cameleon,medium
Renoter,vt.,Rabâcher.,повторять одно и то же,cameleon,medium
Repentignois,adj.,De Repentigny.,из Репентиньи,cameleon,medium
Rescaper,vt.,Sauver d'un danger.,спасать,cameleon,medium
Rimouskois,adj.,De Rimouski.,из Римуски,cameleon,medium
Ringuette,n.f.,Sport collectif féminin proche du hockey sur glace.,рингет,cameleon,medium
Roquille,n.f.,Mesure de capacité.,рюмка (мера),cameleon,medium
Rousseler,vt.,Se couvrir de taches de rousseur.,покрываться веснушками,cameleon,medium
Rousselé,adj et n.,Parsemé de taches de rousseur.,веснушчатый,cameleon,medium
Rouynorandien,adj.,De Rouyn-Noranda.,из Руэн-Норанда,cameleon,medium
Rye,n.m.,Whisky canadien à base de seigle.,ржаной виски,cameleon,medium
Réviseure,n.f.,(Nouveau féminin de RÉVISEUR).,редакторша,cameleon,medium
Sacrant,adj. fam.,Contrariant.,раздражающий,cameleon,medium
Saguenayen,adj.,(Ou SAGUENÉEN) De Saguenay.,из Сагенея,cameleon,medium
Sapinage,n.m.,Branches de conifère.,хвойные ветки,cameleon,medium
Savane,n.f.,Terrain bas et humide.,болото,cameleon,medium
Septilien,adj.,De Sept-Îles.,из Сет-Иль,cameleon,medium
Shawiniganais,adj.,De Shawinigan.,из Шавинигана,cameleon,medium
Siler,vi.,Produire un son aigu.,свистеть,cameleon,medium
Sloche,n.f.,(Ou SLUSH) Neige fondante.,слякоть,cameleon,medium
Snoreau,n.m.,Enfant espiègle.,озорник,cameleon,medium
Sorelois,adj.,De Sorel-Tracy.,из Сорель-Трейси,cameleon,medium
Souffleuse,n.f.,Chasse-neige qui projette la neige.,снегоочиститель,cameleon,medium
Souque,n.f.,Souque à la corde : jeu où deux équipes tirent un câble.,перетягивание каната,cameleon,medium
Soutenant,adj.,Nourrissant.,сытный,cameleon,medium
Soya,n.m.,Soja.,соя,cameleon,medium
Soûlon,n. et adj.,Ivrogne.,пьяница,cameleon,medium
Subler,vt.,"En Acadie, siffler.",свистеть (акадийск.),cameleon,medium
Subpoena,n.m. dr.,Assignation.,повестка в суд,cameleon,medium
Surtemps,n.m.,Temps de travail en supplément.,сверхурочные,cameleon,medium
Syntonisateur,n.m.,Syntoniseur.,тюнер,cameleon,medium
Tabagiste,n.,Marchand de tabac.,табачник,cameleon,medium
Tabletter,vt.,Enterrer un dossier.,откладывать в долгий ящик,cameleon,medium
Tapissage,n.m.,Pose du papier peint.,оклейка обоями,cameleon,medium
Tartinade,n.f.,Préparation pour tartines.,намазка,cameleon,medium
Taxage,n.m.,Action d'extorquer.,вымогательство,cameleon,medium
Terrazzo,n.m.,Procédé de revêtement.,терраццо,cameleon,medium
Terrebonnien,adj.,De Terrebonne.,из Террбона,cameleon,medium
Tet,n.m.,Tet à brebis : bergerie.,хлев,cameleon,medium
Texter,vt.,(Ou TEXTOTER) Communiquer par texto.,писать СМС,cameleon,medium
Thetfordois,adj.,De Thetford-Mines.,из Тетфорд-Майнс,cameleon,medium
Tiger,vt.,Produire des tiges.,давать побеги,cameleon,medium
Tiguidou,adv. fam.,"Très bien, parfait.",отлично!,cameleon,medium
Toler,vt.,Recouvrir de tôles.,обшивать жестью,cameleon,medium
Trapper,vt.,Chasser les animaux à fourrure.,ставить капканы,cameleon,medium
Travaillant,n. et adj.,Ouvrier.,работяга,cameleon,medium
Trifluvien,adj.,De Trois-Rivières.,из Труа-Ривьер,cameleon,medium
Tripant,adj.,(Ou TRIPPANT) Très excitant.,крутой,cameleon,medium
Troupier,n.,Membre d'une équipe sportive.,игрок команды,cameleon,medium
Tuque,n.f.,Bonnet de laine orné d'un pompon.,шапка с помпоном,cameleon,medium
Turluteur,n.,Personne qui chantonne.,напевающий,cameleon,medium
Téléjournal,n.m.,Journal télévisé.,теленовости,cameleon,medium
Téléroman,n.m.,Feuilleton télévisé.,телесериал,cameleon,medium
Téléuniversité,n.f.,Université qui enseigne à distance.,дистанционный университет,cameleon,medium
Témiscabitibien,adj.,De l'Abitibi-Témiscamingue.,из Абитиби-Темискаминг,cameleon,medium
"Unifamilial, E, Aux",adj.,Habitation à l'usage d'une seule famille.,односемейный (о доме),cameleon,medium
Vacher,vt.,Paresser.,бездельничать,cameleon,medium
Vainqueure,adj.f et n.f.,Féminin de vainqueur.,победительница,cameleon,medium
Valdorien,adj.,De Val-d'Or.,из Валь-д'Ор,cameleon,medium
Valdrague,n.f.,"A la valdrague : en Acadie, à l'abandon.",заброшенный (акадийск.),cameleon,medium
Vaser,v.pr.,Se couvrir de vase.,заиливаться,cameleon,medium
Versant,adj.,Qui chavire facilement.,неустойчивый,cameleon,medium
Victoriavillois,adj.,De Victoriaville.,из Викториавиля,cameleon,medium
Virailleur,n.,Personne qui perd son temps au travail.,бездельник,cameleon,medium
Visionnement,n.m.,Visionnage.,просмотр,cameleon,medium
Visou,n.m.,Avoir du visou : être adroit.,меткость,cameleon,medium
Voyagement,n.m.,(= VOYAGEAGE) Ensemble d'allées et venues.,езда туда-сюда,cameleon,medium
Webcaméra,n.f.,Webcam.,веб-камера,cameleon,medium
Woh,interj. fam.,C'est assez.,хватит!,cameleon,medium
Zirable,adj.,"En Acadie, dégoûtant.",отвратительный (акадийск.),cameleon,medium
Zire,n.f.,"Faire zire : En Acadie, dégoûter.",отвращать (акадийск.),cameleon,medium
Zucchini,n.m.,Courgette.,цукини,cameleon,medium
Échouerie,n.f.,Rivage où se rassemblent phoques et otaries.,лежбище,cameleon,medium
Écocentre,n.m.,Centre où l'on peut déposer des déchets.,пункт приёма отходов,cameleon,medium
Écoeuranterie,n.f.,"Parole, action répugnante.",мерзость,cameleon,medium
Éloise,n.f.,"En Acadie, éclair d'orage.",молния (акадийск.),cameleon,medium
Épluchette,n.f.,"Réunion, fête.",вечеринка (с кукурузой),cameleon,medium
"Évaluateur, Trice",n.,Personne qui évalue un bien.,оценщик,cameleon,medium
